{
  "youtube": "https://www.youtube.com/@ferragemvenancio",
  "facebook": "https://www.facebook.com/ferragemvenancio",
  "phone": "(51) 30856107",
  "doc_number": "20598624000160",
  "whatsapp": "(51) 99748-5959",
  "instagram": "https://www.instagram.com/ferragemvenancio",
  "twitter": "",
  "address": "Av. Venâncio Aires, 300 (Cidade Baixa) | Av. Bento Gonçalves, 1414 - Lj 1a (Partenon)",
  "tiktok": "https://www.tiktok.com/@ferragemvenancio",
  "pinterest": "https://br.pinterest.com/ferragemva",
  "email": "contato@ferragemvenancio.com.br",
  "linkedin": "https://www.linkedin.com/company/ferragem-ven%C3%A2ncio-aires/"
}