{
  "marketing_stripe": {
    "text": "",
    "link": "",
    "background": "#ff8500",
    "color": "#000000"
  },
  "contacts_stripe": {
    "pages": [
      {
        "title": "Whatsapp",
        "link": "https://wa.me/message/YKNN6EM5X2CYO1"
      }
    ],
    "phone_wpp": true,
    "socials": true
  },
  "categories_list": {
    "featured": [
      "/ferramenta-eletrica?FERRAMENTA ELETRICA",
      "/utilidade-e-decoracao?UTILIDADE E DECORAÇÃO",
      "/limpeza?LIMPEZA",
      "/ferramenta?FERRAMENTA",
      "/eletrica?ELETRICA",
      "/tintas-e-complementos?TINTAS E COMPLEMENTOS",
      "/promocao?PROMOÇÃO",
      "/assentos?BANHEIROS E COZINHAS"
    ],
    "random": 20,
    "full_width": true
  },
  "desktop_megamenu": true,
  "search_input": true,
  "alphabetical_order_submenu": true,
  "full_width_submenu": false
}