{
  "meta_title": "",
  "meta_description": "",
  "sections": [
    {
      "type": "banner-slider",
      "autoplay": 9000,
      "full_width": true,
      "slides": [
        {
          "img": "/img/uploads/cccc.jpg",
          "link": "/headset",
          "alt": "entrega banner",
          "start": "2023-02-26T18:32:36.770Z",
          "end": "2023-12-01T18:32:52.137Z",
          "mobile_img": "/img/uploads/cccc.jpg"
        }
      ]
    },
    {
      "type": "info-bar",
      "enabled": true
    },
    {
      "page": 1,
      "title": "Produtos em destaque",
      "shuffle": true,
      "headless": true,
      "type": "collection-shelf",
      "link": "Assentos",
      "limit": 12,
      "collection_id": "671a95880a4e586d936f2d08:collections:Assento Sanitário:/assentos",
      "sort": "slug"
    },
    {
      "type": "collection-shelf",
      "shuffle": true,
      "limit": 12,
      "page": 1,
      "collection_id": "6718f2f40a4e586d936cdfa6:categories:BANHEIROS E COZINHAS:/assentos",
      "sort": "slug",
      "title": ""
    },
    {
      "type": "collection-shelf",
      "shuffle": true,
      "limit": 12,
      "page": 1,
      "collection_id": "6718f3710a4e586d936ce042:categories:FERRAMENTA:/ferramenta",
      "sort": "slug",
      "link": "Ferramentas"
    },
    {
      "type": "banners-grid",
      "banners": [
        {
          "img": "/img/uploads/entrega_1.png",
          "mobile_img": "/img/uploads/entrega_1.png"
        },
        {
          "img": "/img/uploads/entrega_2.png",
          "mobile_img": "/img/uploads/entrega_2.png"
        },
        {
          "img": "/img/uploads/entrega_3.png",
          "mobile_img": "/img/uploads/entrega_3.png"
        },
        {
          "img": "/img/uploads/entrega_4.png",
          "mobile_img": "/img/uploads/entrega_4.png"
        }
      ]
    },
    {
      "type": "custom-html",
      "markdown": "<script src=\"https://cdn.lightwidget.com/widgets/lightwidget.js\"></script><iframe src=\"https://cdn.lightwidget.com/widgets/c3386271c616587a84c3208c5eaa46aa.html\" scrolling=\"no\" allowtransparency=\"true\" class=\"lightwidget-widget\" style=\"width:50%;border:0;overflow:hidden;\"></iframe>",
      "html": "<!DOCTYPE html>\n<html lang=\"en\">\n<head>\n  <meta charset=\"UTF-8\">\n  <meta name=\"viewport\" content=\"width=device-width, initial-scale=1\">\n  <title>WhatsApp Button Animation</title>\n  <link rel=\"stylesheet\" href=\"styles.css\">\n</head>\n<body>\n  <div id=\"whatsapp-balloon\">\n    <a href=\"https://api.whatsapp.com/send?phone=5551997485959\" target=\"_blank\">\n      <img src=\"https://drive.google.com/uc?export=view&id=1BImED6ow7sqEKT-c69snXP6NaZGXXhYe\" alt=\"WhatsApp\">\n    </a>\n  </div>\n</body>\n</html>\n\n<style>\n  .lightwidget-widget {\n    max-width: 100%;\n    margin: 10px 0;\n    width: 100%;\n    max-width: 900px;\n    margin-left: 0;\n  }\n\n  .lightwidget-widget iframe {\n    width: 100%;\n    height: 750px;\n  }\n</style>\n\n<footer class=\"py-10 py-lg-10 py-xl-10\">\n</footer>\n\n<div class=\"lightwidget-widget\" style=\"text-align: justfy;\"> <!-- Adiciona essa propriedade para alinhar o widget à esquerda -->\n  <!-- LightWidget WIDGET -->\n  <script src=\"https://cdn.lightwidget.com/widgets/lightwidget.js\"></script>\n  <iframe src=\"https://cdn.lightwidget.com/widgets/c3386271c616587a84c3208c5eaa46aa.html\" scrolling=\"no\" allowtransparency=\"true\" class=\"lightwidget-widget\" style=\"width:100%;border:0;overflow:hidden;\"></iframe>\n\n\n"
    }
  ]
}